Provider,Model,Metric,Score column,N_total,N_eval,Error count,Nonempty pred,Task success rate,AUROC,Average Precision,Spearman,Note,File
claude,claude-sonnet-4-6,PSNR,psnr,300,300,0,300,0.30333333333333334,0.5005257899994742,0.3054935716417884,0.0008406624299308526,,results_api_vlm/all_strict300/claude_latest_strong_claude-sonnet-4-6_visdrone300.csv
claude,claude-sonnet-4-6,SSIM,ssim,300,300,0,300,0.30333333333333334,0.49547820600452186,0.30430872300762485,-0.0072296968974053305,,results_api_vlm/all_strict300/claude_latest_strong_claude-sonnet-4-6_visdrone300.csv
claude,claude-sonnet-4-6,Sharpness,sharpness,300,300,0,300,0.30333333333333334,0.4755770545244229,0.32087774580259354,-0.038892302964882164,,results_api_vlm/all_strict300/claude_latest_strong_claude-sonnet-4-6_visdrone300.csv
claude,claude-sonnet-4-6,Brightness-quality,brightness_quality,300,300,0,300,0.30333333333333334,0.5492928124507072,0.3536672470767357,0.07849630576873419,,results_api_vlm/all_strict300/claude_latest_strong_claude-sonnet-4-6_visdrone300.csv
claude,claude-sonnet-4-6,Cognition-Consistency,cognition_consistency_proxy,300,300,0,300,0.30333333333333334,0.5782112624217888,0.34143969390932954,0.18808158414899975,,results_api_vlm/all_strict300/claude_latest_strong_claude-sonnet-4-6_visdrone300.csv
claude,claude-sonnet-4-6,TCUS-proxy,tcus_proxy,300,300,0,300,0.30333333333333334,0.6084441873915558,0.38315337972497227,0.17269187269121522,,results_api_vlm/all_strict300/claude_latest_strong_claude-sonnet-4-6_visdrone300.csv
claude,claude-opus-4-6,PSNR,psnr,300,300,0,300,0.2866666666666667,0.5092099543577483,0.280550998907789,0.014485352501643975,,results_api_vlm/all_strict300/claude_latest_strongest_claude-opus-4-6_visdrone300.csv
claude,claude-opus-4-6,SSIM,ssim,300,300,0,300,0.2866666666666667,0.5051890893284069,0.2791569144264623,0.008161363798861353,,results_api_vlm/all_strict300/claude_latest_strongest_claude-opus-4-6_visdrone300.csv
claude,claude-opus-4-6,Sharpness,sharpness,300,300,0,300,0.2866666666666667,0.48951314931536627,0.30634792797067206,-0.01642755681105332,,results_api_vlm/all_strict300/claude_latest_strongest_claude-opus-4-6_visdrone300.csv
claude,claude-opus-4-6,Brightness-quality,brightness_quality,300,300,0,300,0.2866666666666667,0.5381438817648336,0.35564825861297733,0.059752046017406385,,results_api_vlm/all_strict300/claude_latest_strongest_claude-opus-4-6_visdrone300.csv
claude,claude-opus-4-6,Cognition-Consistency,cognition_consistency_proxy,300,300,0,300,0.2866666666666667,0.5819930449902195,0.32553588802058814,0.1939618270440603,,results_api_vlm/all_strict300/claude_latest_strongest_claude-opus-4-6_visdrone300.csv
claude,claude-opus-4-6,TCUS-proxy,tcus_proxy,300,300,0,300,0.2866666666666667,0.6050315148880678,0.3858563560486214,0.16453091873453923,,results_api_vlm/all_strict300/claude_latest_strongest_claude-opus-4-6_visdrone300.csv
claude,claude-opus-4-7,PSNR,psnr,300,300,0,300,0.67,0.4779134629880899,0.6601395855686543,-0.03612091402292694,,results_api_vlm/all_strict300/claude_latest_strongest_claude-opus-4-7_visdrone300.csv
claude,claude-opus-4-7,SSIM,ssim,300,300,0,300,0.67,0.4719332629780391,0.6581602405755264,-0.04590109324642706,,results_api_vlm/all_strict300/claude_latest_strongest_claude-opus-4-7_visdrone300.csv
claude,claude-opus-4-7,Sharpness,sharpness,300,300,0,300,0.67,0.5134428865772149,0.6889940836937299,0.02189676419046176,,results_api_vlm/all_strict300/claude_latest_strongest_claude-opus-4-7_visdrone300.csv
claude,claude-opus-4-7,Brightness-quality,brightness_quality,300,300,0,300,0.67,0.5222875521382984,0.6960932139106063,0.03630360717184969,,results_api_vlm/all_strict300/claude_latest_strongest_claude-opus-4-7_visdrone300.csv
claude,claude-opus-4-7,Cognition-Consistency,cognition_consistency_proxy,300,300,0,300,0.67,0.6837529524096688,0.7642080331232993,0.4519944379661447,,results_api_vlm/all_strict300/claude_latest_strongest_claude-opus-4-7_visdrone300.csv
claude,claude-opus-4-7,TCUS-proxy,tcus_proxy,300,300,0,300,0.67,0.6826473692145334,0.7644449290020896,0.29750949327190007,,results_api_vlm/all_strict300/claude_latest_strongest_claude-opus-4-7_visdrone300.csv
claude,claude-haiku-4-5-20251001,PSNR,psnr,300,300,0,300,0.65,0.5151892551892553,0.6571811000473073,0.025197874688277406,,results_api_vlm/all_strict300/claude_light_claude-haiku-4-5-20251001_visdrone300.csv
claude,claude-haiku-4-5-20251001,SSIM,ssim,300,300,0,300,0.65,0.5084981684981685,0.6552004850844846,0.014097846288618229,,results_api_vlm/all_strict300/claude_light_claude-haiku-4-5-20251001_visdrone300.csv
claude,claude-haiku-4-5-20251001,Sharpness,sharpness,300,300,0,300,0.65,0.507008547008547,0.661154524034155,0.01158008445904434,,results_api_vlm/all_strict300/claude_light_claude-haiku-4-5-20251001_visdrone300.csv
claude,claude-haiku-4-5-20251001,Brightness-quality,brightness_quality,300,300,0,300,0.65,0.5209768009768011,0.6764923779316244,0.034659555924456756,,results_api_vlm/all_strict300/claude_light_claude-haiku-4-5-20251001_visdrone300.csv
claude,claude-haiku-4-5-20251001,Cognition-Consistency,cognition_consistency_proxy,300,300,0,300,0.65,0.6771672771672772,0.7439115540330115,0.4420573386671741,,results_api_vlm/all_strict300/claude_light_claude-haiku-4-5-20251001_visdrone300.csv
claude,claude-haiku-4-5-20251001,TCUS-proxy,tcus_proxy,300,300,0,300,0.65,0.6744810744810745,0.7435843795712079,0.28829164968596455,,results_api_vlm/all_strict300/claude_light_claude-haiku-4-5-20251001_visdrone300.csv
claude,claude-sonnet-4-5-20250929,PSNR,psnr,300,300,0,300,0.57,0.49823201414388685,0.5729953181285351,-0.003044298086341722,,results_api_vlm/all_strict300/claude_strong_claude-sonnet-4-5-20250929_visdrone300.csv
claude,claude-sonnet-4-5-20250929,SSIM,ssim,300,300,0,300,0.57,0.4978240174078607,0.5727865808237288,-0.003746828413959042,,results_api_vlm/all_strict300/claude_strong_claude-sonnet-4-5-20250929_visdrone300.csv
claude,claude-sonnet-4-5-20250929,Sharpness,sharpness,300,300,0,300,0.57,0.49276939117820395,0.5766360900303336,-0.012400510319953196,,results_api_vlm/all_strict300/claude_strong_claude-sonnet-4-5-20250929_visdrone300.csv
claude,claude-sonnet-4-5-20250929,Brightness-quality,brightness_quality,300,300,0,300,0.57,0.5574142073530078,0.634699552445208,0.09846549417066283,,results_api_vlm/all_strict300/claude_strong_claude-sonnet-4-5-20250929_visdrone300.csv
claude,claude-sonnet-4-5-20250929,Cognition-Consistency,cognition_consistency_proxy,300,300,0,300,0.57,0.6635386916904664,0.6645770296185809,0.4235420831180563,,results_api_vlm/all_strict300/claude_strong_claude-sonnet-4-5-20250929_visdrone300.csv
claude,claude-sonnet-4-5-20250929,TCUS-proxy,tcus_proxy,300,300,0,300,0.57,0.6902398114148419,0.6994046932062913,0.32626170255600995,,results_api_vlm/all_strict300/claude_strong_claude-sonnet-4-5-20250929_visdrone300.csv
claude,claude-opus-4-5-20251101,PSNR,psnr,300,300,0,300,0.55,0.5132884399551066,0.565251533388935,0.022993142597281562,,results_api_vlm/all_strict300/claude_strongest_claude-opus-4-5-20251101_visdrone300.csv
claude,claude-opus-4-5-20251101,SSIM,ssim,300,300,0,300,0.55,0.5053423120089787,0.5614060255932039,0.0092438647603936,,results_api_vlm/all_strict300/claude_strongest_claude-opus-4-5-20251101_visdrone300.csv
claude,claude-opus-4-5-20251101,Sharpness,sharpness,300,300,0,300,0.55,0.5046464646464646,0.5608740188974478,0.008007616660844902,,results_api_vlm/all_strict300/claude_strongest_claude-opus-4-5-20251101_visdrone300.csv
claude,claude-opus-4-5-20251101,Brightness-quality,brightness_quality,300,300,0,300,0.55,0.5099438832772165,0.5692565854552193,0.017137073336977254,,results_api_vlm/all_strict300/claude_strongest_claude-opus-4-5-20251101_visdrone300.csv
claude,claude-opus-4-5-20251101,Cognition-Consistency,cognition_consistency_proxy,300,300,0,300,0.55,0.6420650953984288,0.6319125424927331,0.36972548092037744,,results_api_vlm/all_strict300/claude_strongest_claude-opus-4-5-20251101_visdrone300.csv
claude,claude-opus-4-5-20251101,TCUS-proxy,tcus_proxy,300,300,0,300,0.55,0.6378002244668911,0.6283132748890579,0.2374819259948157,,results_api_vlm/all_strict300/claude_strongest_claude-opus-4-5-20251101_visdrone300.csv
claude,claude-haiku-4-5-20251001-thinking,PSNR,psnr,300,300,0,300,0.5766666666666667,0.5144053525101271,0.5972934370211909,0.024755076930441842,,results_api_vlm/all_strict300/claude_thinking_claude-haiku-4-5-20251001-thinking_visdrone300.csv
claude,claude-haiku-4-5-20251001-thinking,SSIM,ssim,300,300,0,300,0.5766666666666667,0.5176823995266489,0.5999119144287315,0.03038656362551866,,results_api_vlm/all_strict300/claude_thinking_claude-haiku-4-5-20251001-thinking_visdrone300.csv
claude,claude-haiku-4-5-20251001-thinking,Sharpness,sharpness,300,300,0,300,0.5766666666666667,0.505074871421419,0.5825538424879122,0.008686038228175217,,results_api_vlm/all_strict300/claude_thinking_claude-haiku-4-5-20251001-thinking_visdrone300.csv
claude,claude-haiku-4-5-20251001-thinking,Brightness-quality,brightness_quality,300,300,0,300,0.5766666666666667,0.5292886077101633,0.6027768466484382,0.050129736321352036,,results_api_vlm/all_strict300/claude_thinking_claude-haiku-4-5-20251001-thinking_visdrone300.csv
claude,claude-haiku-4-5-20251001-thinking,Cognition-Consistency,cognition_consistency_proxy,300,300,0,300,0.5766666666666667,0.6666059806108051,0.6726643420467577,0.43062440384243045,,results_api_vlm/all_strict300/claude_thinking_claude-haiku-4-5-20251001-thinking_visdrone300.csv
claude,claude-haiku-4-5-20251001-thinking,TCUS-proxy,tcus_proxy,300,300,0,300,0.5766666666666667,0.6681989895771698,0.6674512004180884,0.28788568854010327,,results_api_vlm/all_strict300/claude_thinking_claude-haiku-4-5-20251001-thinking_visdrone300.csv
claude,claude-opus-4-5-20251101-thinking,PSNR,psnr,300,300,1,299,0.5333333333333333,0.5187946428571429,0.5518530711778129,0.03261170947192845,,results_api_vlm/all_strict300/claude_thinking_claude-opus-4-5-20251101-thinking_visdrone300.csv
claude,claude-opus-4-5-20251101-thinking,SSIM,ssim,300,300,1,299,0.5333333333333333,0.5111607142857142,0.5486212667921715,0.01936562320185775,,results_api_vlm/all_strict300/claude_thinking_claude-opus-4-5-20251101-thinking_visdrone300.csv
claude,claude-opus-4-5-20251101-thinking,Sharpness,sharpness,300,300,1,299,0.5333333333333333,0.504732142857143,0.5453264635921858,0.008178122982133645,,results_api_vlm/all_strict300/claude_thinking_claude-opus-4-5-20251101-thinking_visdrone300.csv
claude,claude-opus-4-5-20251101-thinking,Brightness-quality,brightness_quality,300,300,1,299,0.5333333333333333,0.5144642857142857,0.5554754090872966,0.024997281568031143,,results_api_vlm/all_strict300/claude_thinking_claude-opus-4-5-20251101-thinking_visdrone300.csv
claude,claude-opus-4-5-20251101-thinking,Cognition-Consistency,cognition_consistency_proxy,300,300,1,299,0.5333333333333333,0.6480357142857143,0.6201012145748989,0.3863435370798868,,results_api_vlm/all_strict300/claude_thinking_claude-opus-4-5-20251101-thinking_visdrone300.csv
claude,claude-opus-4-5-20251101-thinking,TCUS-proxy,tcus_proxy,300,300,1,299,0.5333333333333333,0.6441517857142857,0.6157278375010081,0.24912414254065604,,results_api_vlm/all_strict300/claude_thinking_claude-opus-4-5-20251101-thinking_visdrone300.csv
claude,claude-opus-4-6-thinking,PSNR,psnr,300,300,0,300,0.2733333333333333,0.5204743790557171,0.2718473673873927,0.03173667251004083,,results_api_vlm/all_strict300/claude_thinking_claude-opus-4-6-thinking_visdrone300.csv
claude,claude-opus-4-6-thinking,SSIM,ssim,300,300,0,300,0.2733333333333333,0.4700716043857686,0.257833589577532,-0.04639103768544219,,results_api_vlm/all_strict300/claude_thinking_claude-opus-4-6-thinking_visdrone300.csv
claude,claude-opus-4-6-thinking,Sharpness,sharpness,300,300,0,300,0.2733333333333333,0.5410606399641978,0.33256278893187374,0.06339173932490197,,results_api_vlm/all_strict300/claude_thinking_claude-opus-4-6-thinking_visdrone300.csv
claude,claude-opus-4-6-thinking,Brightness-quality,brightness_quality,300,300,0,300,0.2733333333333333,0.5180689192213024,0.3104760252860129,0.02789581989365577,,results_api_vlm/all_strict300/claude_thinking_claude-opus-4-6-thinking_visdrone300.csv
claude,claude-opus-4-6-thinking,Cognition-Consistency,cognition_consistency_proxy,300,300,0,300,0.2733333333333333,0.5712127992839562,0.30554184948269836,0.1660261012245107,,results_api_vlm/all_strict300/claude_thinking_claude-opus-4-6-thinking_visdrone300.csv
claude,claude-opus-4-6-thinking,TCUS-proxy,tcus_proxy,300,300,0,300,0.2733333333333333,0.576415305437458,0.3296216087225845,0.11797427236759683,,results_api_vlm/all_strict300/claude_thinking_claude-opus-4-6-thinking_visdrone300.csv
claude,claude-sonnet-4-5-20250929-thinking,PSNR,psnr,300,300,0,300,0.5466666666666666,0.5131814921090387,0.5580856492851363,0.022822931679730107,,results_api_vlm/all_strict300/claude_thinking_claude-sonnet-4-5-20250929-thinking_visdrone300.csv
claude,claude-sonnet-4-5-20250929-thinking,SSIM,ssim,300,300,0,300,0.5466666666666666,0.5047076757532282,0.5552110857441462,0.008151047028475038,,results_api_vlm/all_strict300/claude_thinking_claude-sonnet-4-5-20250929-thinking_visdrone300.csv
claude,claude-sonnet-4-5-20250929-thinking,Sharpness,sharpness,300,300,0,300,0.5466666666666666,0.5145713773314204,0.5716144889964572,0.025128337926622116,,results_api_vlm/all_strict300/claude_thinking_claude-sonnet-4-5-20250929-thinking_visdrone300.csv
claude,claude-sonnet-4-5-20250929-thinking,Brightness-quality,brightness_quality,300,300,0,300,0.5466666666666666,0.560482424677188,0.6093890201168215,0.10430193188619458,,results_api_vlm/all_strict300/claude_thinking_claude-sonnet-4-5-20250929-thinking_visdrone300.csv
claude,claude-sonnet-4-5-20250929-thinking,Cognition-Consistency,cognition_consistency_proxy,300,300,0,300,0.5466666666666666,0.6603299856527977,0.6407656100852507,0.417531524101766,,results_api_vlm/all_strict300/claude_thinking_claude-sonnet-4-5-20250929-thinking_visdrone300.csv
claude,claude-sonnet-4-5-20250929-thinking,TCUS-proxy,tcus_proxy,300,300,0,300,0.5466666666666666,0.6939562410329986,0.6807185716556713,0.3344775072940532,,results_api_vlm/all_strict300/claude_thinking_claude-sonnet-4-5-20250929-thinking_visdrone300.csv
claude,claude-sonnet-4-6-thinking,PSNR,psnr,300,300,0,300,0.29,0.46039069667044413,0.26130441792723846,-0.06251181518324365,,results_api_vlm/all_strict300/claude_thinking_claude-sonnet-4-6-thinking_visdrone300.csv
claude,claude-sonnet-4-6-thinking,SSIM,ssim,300,300,0,300,0.29,0.46594895040742534,0.2633140337640614,-0.05373972122701192,,results_api_vlm/all_strict300/claude_thinking_claude-sonnet-4-6-thinking_visdrone300.csv
claude,claude-sonnet-4-6-thinking,Sharpness,sharpness,300,300,0,300,0.29,0.41578975770330795,0.2650342559537007,-0.13236895065547966,,results_api_vlm/all_strict300/claude_thinking_claude-sonnet-4-6-thinking_visdrone300.csv
claude,claude-sonnet-4-6-thinking,Brightness-quality,brightness_quality,300,300,0,300,0.29,0.5137877070854244,0.32708851437010344,0.021672711882393496,,results_api_vlm/all_strict300/claude_thinking_claude-sonnet-4-6-thinking_visdrone300.csv
claude,claude-sonnet-4-6-thinking,Cognition-Consistency,cognition_consistency_proxy,300,300,0,300,0.29,0.566240354001403,0.3211601284378054,0.1572371674555224,,results_api_vlm/all_strict300/claude_thinking_claude-sonnet-4-6-thinking_visdrone300.csv
claude,claude-sonnet-4-6-thinking,TCUS-proxy,tcus_proxy,300,300,0,300,0.29,0.5689924990556365,0.35167746856906007,0.10844838411600816,,results_api_vlm/all_strict300/claude_thinking_claude-sonnet-4-6-thinking_visdrone300.csv
gemini,gemini-2.5-flash-lite,PSNR,psnr,300,300,0,300,0.6133333333333333,0.4773004122938531,0.592250072958519,-0.03844778751211762,,results_api_vlm/all_strict300/gemini_light_gemini-2.5-flash-lite_visdrone300.csv
gemini,gemini-2.5-flash-lite,SSIM,ssim,300,300,0,300,0.6133333333333333,0.4776752248875562,0.5908063982932251,-0.037812942723475844,,results_api_vlm/all_strict300/gemini_light_gemini-2.5-flash-lite_visdrone300.csv
gemini,gemini-2.5-flash-lite,Sharpness,sharpness,300,300,0,300,0.6133333333333333,0.48824025487256373,0.6144461523783329,-0.019838443567892584,,results_api_vlm/all_strict300/gemini_light_gemini-2.5-flash-lite_visdrone300.csv
gemini,gemini-2.5-flash-lite,Brightness-quality,brightness_quality,300,300,0,300,0.6133333333333333,0.4822901049475263,0.6162661158719749,-0.029876221787503574,,results_api_vlm/all_strict300/gemini_light_gemini-2.5-flash-lite_visdrone300.csv
gemini,gemini-2.5-flash-lite,Cognition-Consistency,cognition_consistency_proxy,300,300,0,300,0.6133333333333333,0.6418665667166418,0.6909417356099278,0.36141078101165003,,results_api_vlm/all_strict300/gemini_light_gemini-2.5-flash-lite_visdrone300.csv
gemini,gemini-2.5-flash-lite,TCUS-proxy,tcus_proxy,300,300,0,300,0.6133333333333333,0.6157233883058472,0.6742915363284634,0.19522293072786726,,results_api_vlm/all_strict300/gemini_light_gemini-2.5-flash-lite_visdrone300.csv
gemini,gemini-2.5-flash-thinking,PSNR,psnr,300,300,0,291,0.5733333333333334,0.49336845930232553,0.5698245320121285,-0.011407727158642888,,results_api_vlm/all_strict300/gemini_strong_gemini-2.5-flash-thinking_visdrone300.csv
gemini,gemini-2.5-flash-thinking,SSIM,ssim,300,300,0,291,0.5733333333333334,0.4878270348837209,0.5678175800292875,-0.020940211496686945,,results_api_vlm/all_strict300/gemini_strong_gemini-2.5-flash-thinking_visdrone300.csv
gemini,gemini-2.5-flash-thinking,Sharpness,sharpness,300,300,0,291,0.5733333333333334,0.5106286337209301,0.5969265212387109,0.0182103557550913,,results_api_vlm/all_strict300/gemini_strong_gemini-2.5-flash-thinking_visdrone300.csv
gemini,gemini-2.5-flash-thinking,Brightness-quality,brightness_quality,300,300,0,291,0.5733333333333334,0.5143531976744187,0.6032133671964244,0.024591762472687396,,results_api_vlm/all_strict300/gemini_strong_gemini-2.5-flash-thinking_visdrone300.csv
gemini,gemini-2.5-flash-thinking,Cognition-Consistency,cognition_consistency_proxy,300,300,0,291,0.5733333333333334,0.6510719476744186,0.6597520635219534,0.3908734530628881,,results_api_vlm/all_strict300/gemini_strong_gemini-2.5-flash-thinking_visdrone300.csv
gemini,gemini-2.5-flash-thinking,TCUS-proxy,tcus_proxy,300,300,0,291,0.5733333333333334,0.6530704941860466,0.6714903242020802,0.26226025168657124,,results_api_vlm/all_strict300/gemini_strong_gemini-2.5-flash-thinking_visdrone300.csv
gpt,gpt-5,PSNR,psnr,300,300,0,300,0.5033333333333333,0.5060447130983599,0.5095664983379009,0.01051169566086585,,results_api_vlm/all_strict300/gpt_base_gpt-5_visdrone300.csv
gpt,gpt-5,SSIM,ssim,300,300,0,300,0.5033333333333333,0.5023556602515667,0.5084922147522187,0.004096469632543309,,results_api_vlm/all_strict300/gpt_base_gpt-5_visdrone300.csv
gpt,gpt-5,Sharpness,sharpness,300,300,0,300,0.5033333333333333,0.49588870616471836,0.520494949613162,-0.007120851122414486,,results_api_vlm/all_strict300/gpt_base_gpt-5_visdrone300.csv
gpt,gpt-5,Brightness-quality,brightness_quality,300,300,0,300,0.5033333333333333,0.5424241077381218,0.5384692080362675,0.07347948536588786,,results_api_vlm/all_strict300/gpt_base_gpt-5_visdrone300.csv
gpt,gpt-5,Cognition-Consistency,cognition_consistency_proxy,300,300,0,300,0.5033333333333333,0.6367838570603137,0.5837182615223745,0.35776643433906435,,results_api_vlm/all_strict300/gpt_base_gpt-5_visdrone300.csv
gpt,gpt-5,TCUS-proxy,tcus_proxy,300,300,0,300,0.5033333333333333,0.6546957642561892,0.5981634664211828,0.26793645763852564,,results_api_vlm/all_strict300/gpt_base_gpt-5_visdrone300.csv
gpt,gpt-5.5,PSNR,psnr,300,300,0,300,0.51,0.48621670890578456,0.49247544198436505,-0.023964743723432172,,results_api_vlm/all_strict300/gpt_latest_gpt-5.5_visdrone300.csv
gpt,gpt-5.5,SSIM,ssim,300,300,0,300,0.51,0.4708327775554666,0.48633229902296415,-0.05071248994377905,,results_api_vlm/all_strict300/gpt_latest_gpt-5.5_visdrone300.csv
gpt,gpt-5.5,Sharpness,sharpness,300,300,0,300,0.51,0.49268596327419856,0.5264310773554417,-0.012665819673313256,,results_api_vlm/all_strict300/gpt_latest_gpt-5.5_visdrone300.csv
gpt,gpt-5.5,Brightness-quality,brightness_quality,300,300,0,300,0.51,0.5179849717664844,0.532698108641013,0.031144827099423778,,results_api_vlm/all_strict300/gpt_latest_gpt-5.5_visdrone300.csv
gpt,gpt-5.5,Cognition-Consistency,cognition_consistency_proxy,300,300,0,300,0.51,0.6062647281134677,0.5706531027393424,0.2778923919939423,,results_api_vlm/all_strict300/gpt_latest_gpt-5.5_visdrone300.csv
gpt,gpt-5.5,TCUS-proxy,tcus_proxy,300,300,0,300,0.51,0.6103774843270642,0.5800336731936726,0.19114223306383077,,results_api_vlm/all_strict300/gpt_latest_gpt-5.5_visdrone300.csv
gpt,gpt-5.4-mini,PSNR,psnr,300,300,0,300,0.56,0.5218253968253969,0.5734735169620117,0.037680723515285036,,results_api_vlm/all_strict300/gpt_light_gpt-5.4-mini_visdrone300.csv
gpt,gpt-5.4-mini,SSIM,ssim,300,300,0,300,0.56,0.5249368686868687,0.5738631453730356,0.04305256219824923,,results_api_vlm/all_strict300/gpt_light_gpt-5.4-mini_visdrone300.csv
gpt,gpt-5.4-mini,Sharpness,sharpness,300,300,0,300,0.56,0.5060425685425686,0.5832787346194347,0.010390464741080725,,results_api_vlm/all_strict300/gpt_light_gpt-5.4-mini_visdrone300.csv
gpt,gpt-5.4-mini,Brightness-quality,brightness_quality,300,300,0,300,0.56,0.5463113275613276,0.6014723361744979,0.07963438275440227,,results_api_vlm/all_strict300/gpt_light_gpt-5.4-mini_visdrone300.csv
gpt,gpt-5.4-mini,Cognition-Consistency,cognition_consistency_proxy,300,300,0,300,0.56,0.6590909090909091,0.6524465008675535,0.41311418629870217,,results_api_vlm/all_strict300/gpt_light_gpt-5.4-mini_visdrone300.csv
gpt,gpt-5.4-mini,TCUS-proxy,tcus_proxy,300,300,0,300,0.56,0.6743777056277056,0.6674807016246331,0.2998502026399937,,results_api_vlm/all_strict300/gpt_light_gpt-5.4-mini_visdrone300.csv
gpt,gpt-5.1,PSNR,psnr,300,300,0,300,0.5233333333333333,0.5028729232550889,0.5273429085290893,0.0049906526928142035,,results_api_vlm/all_strict300/gpt_mid_gpt-5.1_visdrone300.csv
gpt,gpt-5.1,SSIM,ssim,300,300,0,300,0.5233333333333333,0.4883524119192909,0.5223720832444767,-0.020233421382494794,,results_api_vlm/all_strict300/gpt_mid_gpt-5.1_visdrone300.csv
gpt,gpt-5.1,Sharpness,sharpness,300,300,0,300,0.5233333333333333,0.49930960758986237,0.5334729024848537,-0.0011944985703560317,,results_api_vlm/all_strict300/gpt_mid_gpt-5.1_visdrone300.csv
gpt,gpt-5.1,Brightness-quality,brightness_quality,300,300,0,300,0.5233333333333333,0.5394414502694757,0.5701781014607941,0.06824054735808169,,results_api_vlm/all_strict300/gpt_mid_gpt-5.1_visdrone300.csv
gpt,gpt-5.1,Cognition-Consistency,cognition_consistency_proxy,300,300,0,300,0.5233333333333333,0.6372990067257585,0.6035442722435682,0.3587305630634917,,results_api_vlm/all_strict300/gpt_mid_gpt-5.1_visdrone300.csv
gpt,gpt-5.1,TCUS-proxy,tcus_proxy,300,300,0,300,0.5233333333333333,0.6554273751725981,0.6313989772022545,0.268916307177895,,results_api_vlm/all_strict300/gpt_mid_gpt-5.1_visdrone300.csv
gpt,gpt-5.2,PSNR,psnr,300,300,3,297,0.35333333333333333,0.526356739933865,0.3620915652984451,0.04381884912926281,,results_api_vlm/all_strict300/gpt_mid_gpt-5.2_visdrone300.csv
gpt,gpt-5.2,SSIM,ssim,300,300,3,297,0.35333333333333333,0.5067593853335928,0.3584368110545383,0.011237675330198395,,results_api_vlm/all_strict300/gpt_mid_gpt-5.2_visdrone300.csv
gpt,gpt-5.2,Sharpness,sharpness,300,300,3,297,0.35333333333333333,0.526356739933865,0.37563539824000786,0.043643268701390694,,results_api_vlm/all_strict300/gpt_mid_gpt-5.2_visdrone300.csv
gpt,gpt-5.2,Brightness-quality,brightness_quality,300,300,3,297,0.35333333333333333,0.5744018673409842,0.461030302286758,0.12319963305005122,,results_api_vlm/all_strict300/gpt_mid_gpt-5.2_visdrone300.csv
gpt,gpt-5.2,Cognition-Consistency,cognition_consistency_proxy,300,300,3,297,0.35333333333333333,0.5916650457109511,0.4019417920708884,0.22921376552624032,,results_api_vlm/all_strict300/gpt_mid_gpt-5.2_visdrone300.csv
gpt,gpt-5.2,TCUS-proxy,tcus_proxy,300,300,3,297,0.35333333333333333,0.647442131880957,0.5020210448603397,0.2441446322926505,,results_api_vlm/all_strict300/gpt_mid_gpt-5.2_visdrone300.csv
gpt,gpt-5.4,PSNR,psnr,300,300,0,300,0.5033333333333333,0.49008844837548343,0.49669631991788543,-0.017236089208625623,,results_api_vlm/all_strict300/gpt_strong_gpt-5.4_visdrone300.csv
gpt,gpt-5.4,SSIM,ssim,300,300,0,300,0.5033333333333333,0.4857771456509179,0.49491236113057874,-0.02473340155497847,,results_api_vlm/all_strict300/gpt_strong_gpt-5.4_visdrone300.csv
gpt,gpt-5.4,Sharpness,sharpness,300,300,0,300,0.5033333333333333,0.4884217076314503,0.5124488919335932,-0.020053856404205123,,results_api_vlm/all_strict300/gpt_strong_gpt-5.4_visdrone300.csv
gpt,gpt-5.4,Brightness-quality,brightness_quality,300,300,0,300,0.5033333333333333,0.5360682697008756,0.535443622284669,0.06247103444150655,,results_api_vlm/all_strict300/gpt_strong_gpt-5.4_visdrone300.csv
gpt,gpt-5.4,Cognition-Consistency,cognition_consistency_proxy,300,300,0,300,0.5033333333333333,0.6367838570603137,0.5837182615223745,0.35776643433906435,,results_api_vlm/all_strict300/gpt_strong_gpt-5.4_visdrone300.csv
gpt,gpt-5.4,TCUS-proxy,tcus_proxy,300,300,0,300,0.5033333333333333,0.6507400328903507,0.5949158642800498,0.2610850441261484,,results_api_vlm/all_strict300/gpt_strong_gpt-5.4_visdrone300.csv
grok,grok-3,PSNR,psnr,300,300,0,300,0.4633333333333333,0.47975780865990436,0.4521498726135236,-0.03510696949249172,,results_api_vlm/all_strict300/grok_base_grok-3_visdrone300.csv
grok,grok-3,SSIM,ssim,300,300,0,300,0.4633333333333333,0.4809196121363779,0.45376054612229777,-0.03309199994104628,,results_api_vlm/all_strict300/grok_base_grok-3_visdrone300.csv
grok,grok-3,Sharpness,sharpness,300,300,0,300,0.4633333333333333,0.4939005317485142,0.448114544126139,-0.010536202144927283,,results_api_vlm/all_strict300/grok_base_grok-3_visdrone300.csv
grok,grok-3,Brightness-quality,brightness_quality,300,300,0,300,0.4633333333333333,0.4966263014433174,0.4745008200753742,-0.005827716204703368,,results_api_vlm/all_strict300/grok_base_grok-3_visdrone300.csv
grok,grok-3,Cognition-Consistency,cognition_consistency_proxy,300,300,0,300,0.4633333333333333,0.6301890164886724,0.5396620355537433,0.3396079303795194,,results_api_vlm/all_strict300/grok_base_grok-3_visdrone300.csv
grok,grok-3,TCUS-proxy,tcus_proxy,300,300,0,300,0.4633333333333333,0.6209839581750749,0.536132836191087,0.20898730628124995,,results_api_vlm/all_strict300/grok_base_grok-3_visdrone300.csv
grok,grok-3-image,PSNR,psnr,300,300,84,209,0.43333333333333335,0.4972398190045249,0.43669407827583184,-0.004757175528668475,,results_api_vlm/all_strict300/grok_image_candidate_grok-3-image_visdrone300.csv
grok,grok-3-image,SSIM,ssim,300,300,84,209,0.43333333333333335,0.5068778280542987,0.4372070706405597,0.01185394557963292,,results_api_vlm/all_strict300/grok_image_candidate_grok-3-image_visdrone300.csv
grok,grok-3-image,Sharpness,sharpness,300,300,84,209,0.43333333333333335,0.48660633484162896,0.4318295244841009,-0.02299150259739107,,results_api_vlm/all_strict300/grok_image_candidate_grok-3-image_visdrone300.csv
grok,grok-3-image,Brightness-quality,brightness_quality,300,300,84,209,0.43333333333333335,0.4771040723981901,0.41372566976369846,-0.03930304160229689,,results_api_vlm/all_strict300/grok_image_candidate_grok-3-image_visdrone300.csv
grok,grok-3-image,Cognition-Consistency,cognition_consistency_proxy,300,300,84,209,0.43333333333333335,0.5792307692307692,0.47768192671026677,0.20538709302767855,,results_api_vlm/all_strict300/grok_image_candidate_grok-3-image_visdrone300.csv
grok,grok-3-image,TCUS-proxy,tcus_proxy,300,300,84,209,0.43333333333333335,0.558054298642534,0.45229467461835066,0.09965573592044843,,results_api_vlm/all_strict300/grok_image_candidate_grok-3-image_visdrone300.csv
grok,grok-4.2-image,PSNR,psnr,300,300,300,0,0.0,,,,only one class in api_correct,results_api_vlm/all_strict300/grok_image_candidate_grok-4.2-image_visdrone300.csv
grok,grok-4.2-image,SSIM,ssim,300,300,300,0,0.0,,,,only one class in api_correct,results_api_vlm/all_strict300/grok_image_candidate_grok-4.2-image_visdrone300.csv
grok,grok-4.2-image,Sharpness,sharpness,300,300,300,0,0.0,,,,only one class in api_correct,results_api_vlm/all_strict300/grok_image_candidate_grok-4.2-image_visdrone300.csv
grok,grok-4.2-image,Brightness-quality,brightness_quality,300,300,300,0,0.0,,,,only one class in api_correct,results_api_vlm/all_strict300/grok_image_candidate_grok-4.2-image_visdrone300.csv
grok,grok-4.2-image,Cognition-Consistency,cognition_consistency_proxy,300,300,300,0,0.0,,,,only one class in api_correct,results_api_vlm/all_strict300/grok_image_candidate_grok-4.2-image_visdrone300.csv
grok,grok-4.2-image,TCUS-proxy,tcus_proxy,300,300,300,0,0.0,,,,only one class in api_correct,results_api_vlm/all_strict300/grok_image_candidate_grok-4.2-image_visdrone300.csv
grok,grok-4.1,PSNR,psnr,300,300,290,10,0.03333333333333333,0.4906896551724137,0.035724059782945995,-0.00581273124025853,,results_api_vlm/all_strict300/grok_latest_strong_grok-4.1_visdrone300.csv
grok,grok-4.1,SSIM,ssim,300,300,290,10,0.03333333333333333,0.4972413793103448,0.03535903862848311,-0.0017222907378543794,,results_api_vlm/all_strict300/grok_latest_strong_grok-4.1_visdrone300.csv
grok,grok-4.1,Sharpness,sharpness,300,300,290,10,0.03333333333333333,0.4803448275862069,0.036945238501712316,-0.012222150798177242,,results_api_vlm/all_strict300/grok_latest_strong_grok-4.1_visdrone300.csv
grok,grok-4.1,Brightness-quality,brightness_quality,300,300,290,10,0.03333333333333333,0.5513793103448277,0.04579472178064059,0.03194913103383174,,results_api_vlm/all_strict300/grok_latest_strong_grok-4.1_visdrone300.csv
grok,grok-4.1,Cognition-Consistency,cognition_consistency_proxy,300,300,290,10,0.03333333333333333,0.5913793103448276,0.04048582995951417,0.08580844144177135,,results_api_vlm/all_strict300/grok_latest_strong_grok-4.1_visdrone300.csv
grok,grok-4.1,TCUS-proxy,tcus_proxy,300,300,290,10,0.03333333333333333,0.6262068965517242,0.05227523342719932,0.07847907354619073,,results_api_vlm/all_strict300/grok_latest_strong_grok-4.1_visdrone300.csv
grok,grok-4-1-fast-non-reasoning,PSNR,psnr,300,300,0,300,0.6666666666666666,0.513375,0.6782995254208555,0.021929274633684343,,results_api_vlm/all_strict300/grok_reasoning_grok-4-1-fast-non-reasoning_visdrone300.csv
grok,grok-4-1-fast-non-reasoning,SSIM,ssim,300,300,0,300,0.6666666666666666,0.512425,0.6771263249499704,0.020371681295217044,,results_api_vlm/all_strict300/grok_reasoning_grok-4-1-fast-non-reasoning_visdrone300.csv
grok,grok-4-1-fast-non-reasoning,Sharpness,sharpness,300,300,0,300,0.6666666666666666,0.5166000000000001,0.6778397015728688,0.02710783708631376,,results_api_vlm/all_strict300/grok_reasoning_grok-4-1-fast-non-reasoning_visdrone300.csv
grok,grok-4-1-fast-non-reasoning,Brightness-quality,brightness_quality,300,300,0,300,0.6666666666666666,0.496,0.6695822071806976,-0.006532008936461147,,results_api_vlm/all_strict300/grok_reasoning_grok-4-1-fast-non-reasoning_visdrone300.csv
grok,grok-4-1-fast-non-reasoning,Cognition-Consistency,cognition_consistency_proxy,300,300,0,300,0.6666666666666666,0.6572,0.7469905533063428,0.3876597205905174,,results_api_vlm/all_strict300/grok_reasoning_grok-4-1-fast-non-reasoning_visdrone300.csv
grok,grok-4-1-fast-non-reasoning,TCUS-proxy,tcus_proxy,300,300,0,300,0.6666666666666666,0.6467499999999999,0.7374775907568171,0.23964307785641834,,results_api_vlm/all_strict300/grok_reasoning_grok-4-1-fast-non-reasoning_visdrone300.csv
grok,grok-4-1-fast-reasoning,PSNR,psnr,300,300,0,300,0.5966666666666667,0.47345214460501406,0.5743497744785452,-0.04529644535628611,,results_api_vlm/all_strict300/grok_reasoning_grok-4-1-fast-reasoning_visdrone300.csv
grok,grok-4-1-fast-reasoning,SSIM,ssim,300,300,0,300,0.5966666666666667,0.46624959601089616,0.5726634510314648,-0.05758556792251329,,results_api_vlm/all_strict300/grok_reasoning_grok-4-1-fast-reasoning_visdrone300.csv
grok,grok-4-1-fast-reasoning,Sharpness,sharpness,300,300,0,300,0.5966666666666667,0.5418532711574865,0.6326769573991748,0.07112469038188575,,results_api_vlm/all_strict300/grok_reasoning_grok-4-1-fast-reasoning_visdrone300.csv
grok,grok-4-1-fast-reasoning,Brightness-quality,brightness_quality,300,300,0,300,0.5966666666666667,0.4985456392261877,0.6010932556491713,-0.0024715143375944855,,results_api_vlm/all_strict300/grok_reasoning_grok-4-1-fast-reasoning_visdrone300.csv
grok,grok-4-1-fast-reasoning,Cognition-Consistency,cognition_consistency_proxy,300,300,0,300,0.5966666666666667,0.67634701509765,0.696927600479497,0.45255404660578596,,results_api_vlm/all_strict300/grok_reasoning_grok-4-1-fast-reasoning_visdrone300.csv
grok,grok-4-1-fast-reasoning,TCUS-proxy,tcus_proxy,300,300,0,300,0.5966666666666667,0.6551549009649568,0.6744628526611356,0.26366742639638946,,results_api_vlm/all_strict300/grok_reasoning_grok-4-1-fast-reasoning_visdrone300.csv
